9	DSC_0007.jpg	https://fabricationforum.com/data/attachments/0/9-ef714019d8f3ca6bd0142e6508d26ffd.jpg	https://fabricationforum.com/attachments/dsc_0007-jpg.9/
10	DSC_0013.jpg	https://fabricationforum.com/data/attachments/0/10-836421f150cad388a3303c3ac8d2ffa1.jpg	https://fabricationforum.com/attachments/dsc_0013-jpg.10/
11	DSC_0018.jpg	https://fabricationforum.com/data/attachments/0/11-1b066187fa357353ad09deeb0e921414.jpg	https://fabricationforum.com/attachments/dsc_0018-jpg.11/
12	DSC_0024.jpg	https://fabricationforum.com/data/attachments/0/12-760da1892f8de347d92b9871863d7f26.jpg	https://fabricationforum.com/attachments/dsc_0024-jpg.12/
13	DSC_0030.jpg	https://fabricationforum.com/data/attachments/0/13-9794b0ab8980c9c426aaa704d1866bd0.jpg	https://fabricationforum.com/attachments/dsc_0030-jpg.13/
14	DSC_00052.jpg	https://fabricationforum.com/data/attachments/0/14-954259964dc415d8066eb79d6a4c37cb.jpg	https://fabricationforum.com/attachments/dsc_00052-jpg.14/
15	DSC_00132.jpg	https://fabricationforum.com/data/attachments/0/15-fb96d527b36431d6e2334ac734b29c85.jpg	https://fabricationforum.com/attachments/dsc_00132-jpg.15/
16	DSC_00202.jpg	https://fabricationforum.com/data/attachments/0/16-bb106db607b38cd02f6268fe2b3be66c.jpg	https://fabricationforum.com/attachments/dsc_00202-jpg.16/
25	0008.jpg	https://fabricationforum.com/data/attachments/0/25-f8c80e526ca6e9529a86187831c08bdc.jpg	https://fabricationforum.com/attachments/0008-jpg.25/
26	DSC_0016.jpg	https://fabricationforum.com/data/attachments/0/26-eef25e50e9848d3231f7c845ae8fb26f.jpg	https://fabricationforum.com/attachments/dsc_0016-jpg.26/
27	DSC_0019.jpg	https://fabricationforum.com/data/attachments/0/27-2ae31fba5f9ba62113206e7fd8362b02.jpg	https://fabricationforum.com/attachments/dsc_0019-jpg.27/
28	DSC_0023.jpg	https://fabricationforum.com/data/attachments/0/28-1e11ba9f53fb1a6d24c2e3c05f19a7d7.jpg	https://fabricationforum.com/attachments/dsc_0023-jpg.28/
29	DSC_0091.jpg	https://fabricationforum.com/data/attachments/0/29-b96523e8d0dbf88e3957212cd94d6eb2.jpg	https://fabricationforum.com/attachments/dsc_0091-jpg.29/
30	DSC_0096.jpg	https://fabricationforum.com/data/attachments/0/30-5c810a5c11464684937d44565eaa4b22.jpg	https://fabricationforum.com/attachments/dsc_0096-jpg.30/
31	DSC_0100.jpg	https://fabricationforum.com/data/attachments/0/31-deb7dd161cfee6e46937034f5134cdff.jpg	https://fabricationforum.com/attachments/dsc_0100-jpg.31/
32	DSC_0104.jpg	https://fabricationforum.com/data/attachments/0/32-0b6050f03703ec146c7bf95cbdffb199.jpg	https://fabricationforum.com/attachments/dsc_0104-jpg.32/
33	DSC_0002.jpg	https://fabricationforum.com/data/attachments/0/33-c4b863adaf2fc828af97626696d9338d.jpg	https://fabricationforum.com/attachments/dsc_0002-jpg.33/
34	DSC_0004.jpg	https://fabricationforum.com/data/attachments/0/34-04d33d4877426388b9a643c8796e42ee.jpg	https://fabricationforum.com/attachments/dsc_0004-jpg.34/
35	DSC_0006.jpg	https://fabricationforum.com/data/attachments/0/35-aaf81d75e727bd0eba0eee8deb4aa4fa.jpg	https://fabricationforum.com/attachments/dsc_0006-jpg.35/
36	DSC_0007-1.jpg	https://fabricationforum.com/data/attachments/0/36-bc50d29578d4d5baac3f731b40825232.jpg	https://fabricationforum.com/attachments/dsc_0007-1-jpg.36/
37	DSC_0029.jpg	https://fabricationforum.com/data/attachments/0/37-f17c7469c9c9c8f2d7dd95f5fc80f05f.jpg	https://fabricationforum.com/attachments/dsc_0029-jpg.37/
38	DSC_0031.jpg	https://fabricationforum.com/data/attachments/0/38-3700a41a800cf2dd1d2a12d69feeda96.jpg	https://fabricationforum.com/attachments/dsc_0031-jpg.38/
39	DSC_0033.jpg	https://fabricationforum.com/data/attachments/0/39-ab011a861b2319d0352cb082696b20af.jpg	https://fabricationforum.com/attachments/dsc_0033-jpg.39/
40	DSC_0002-1.jpg	https://fabricationforum.com/data/attachments/0/40-9975bcd920673611e435019b27c74d6d.jpg	https://fabricationforum.com/attachments/dsc_0002-1-jpg.40/
41	DSC_0004-1.jpg	https://fabricationforum.com/data/attachments/0/41-2f90ff60a165129899373a9088403826.jpg	https://fabricationforum.com/attachments/dsc_0004-1-jpg.41/
42	DSC_0004-2.jpg	https://fabricationforum.com/data/attachments/0/42-a6314fe5e96c906fad2b09c54ceb0a2d.jpg	https://fabricationforum.com/attachments/dsc_0004-2-jpg.42/
43	DSC_0006-1.jpg	https://fabricationforum.com/data/attachments/0/43-323ec1be23c49a302913eb65af23b83b.jpg	https://fabricationforum.com/attachments/dsc_0006-1-jpg.43/
44	DSC_0007-2.jpg	https://fabricationforum.com/data/attachments/0/44-1fd72ade49d88611623bbe85aafde291.jpg	https://fabricationforum.com/attachments/dsc_0007-2-jpg.44/
45	DSC_0010.jpg	https://fabricationforum.com/data/attachments/0/45-333fdb5b7dc7ad63e7c02b42e8f36fab.jpg	https://fabricationforum.com/attachments/dsc_0010-jpg.45/
46	Clipboard05.jpg	https://fabricationforum.com/data/attachments/0/46-6d599dca896818bb6894ed310e9fedf8.jpg	https://fabricationforum.com/attachments/clipboard05-jpg.46/
47	Clipboard06.jpg	https://fabricationforum.com/data/attachments/0/47-7d5a4b783b844f89fd4fd5904d7e4ef1.jpg	https://fabricationforum.com/attachments/clipboard06-jpg.47/
48	ttb.jpg	https://fabricationforum.com/data/attachments/0/48-a0808064ac2ef846617a230f8063b6a1.jpg	https://fabricationforum.com/attachments/ttb-jpg.48/
49	ttb1.jpg	https://fabricationforum.com/data/attachments/0/49-119629cc65fbcb2ac028d1fd988f0273.jpg	https://fabricationforum.com/attachments/ttb1-jpg.49/
50	DSC_0005-1.jpg	https://fabricationforum.com/data/attachments/0/50-f4a4d32996d7bf023435fca24b159048.jpg	https://fabricationforum.com/attachments/dsc_0005-1-jpg.50/
51	DSC_0005-2.jpg	https://fabricationforum.com/data/attachments/0/51-ec00c751632763baa98f5ed524d4a2be.jpg	https://fabricationforum.com/attachments/dsc_0005-2-jpg.51/
52	DSC_0006-2.jpg	https://fabricationforum.com/data/attachments/0/52-ce26b2a35ce12c16feeacb17fc813bcd.jpg	https://fabricationforum.com/attachments/dsc_0006-2-jpg.52/
53	DSC_0007-3.jpg	https://fabricationforum.com/data/attachments/0/53-3e688d1ea3ae682e43b4d01b4beeb16b.jpg	https://fabricationforum.com/attachments/dsc_0007-3-jpg.53/
54	DSC_0009.jpg	https://fabricationforum.com/data/attachments/0/54-c07b105c47936395376fcca89c8c927d.jpg	https://fabricationforum.com/attachments/dsc_0009-jpg.54/
55	DSC_0014.jpg	https://fabricationforum.com/data/attachments/0/55-1d8aa2403369e40aa58690e7880958f2.jpg	https://fabricationforum.com/attachments/dsc_0014-jpg.55/
56	DSC_0018-1 (1).jpg	https://fabricationforum.com/data/attachments/0/56-374ddfa9ea850c47bafed3c958733391.jpg	https://fabricationforum.com/attachments/dsc_0018-1 (1)-jpg.56/
57	DSC_0018-1.jpg	https://fabricationforum.com/data/attachments/0/57-374ddfa9ea850c47bafed3c958733391.jpg	https://fabricationforum.com/attachments/dsc_0018-1-jpg.57/
58	DSC_0021.jpg	https://fabricationforum.com/data/attachments/0/58-95e10053c72c2029e95abca28a2253be.jpg	https://fabricationforum.com/attachments/dsc_0021-jpg.58/
59	DSC_0026.jpg	https://fabricationforum.com/data/attachments/0/59-a7df2b35d837a65d8ea883f38b02d414.jpg	https://fabricationforum.com/attachments/dsc_0026-jpg.59/
60	DSC_0006-3 (1).jpg	https://fabricationforum.com/data/attachments/0/60-f89be4b4595ca88f865a903c57ddcf4f.jpg	https://fabricationforum.com/attachments/dsc_0006-3 (1)-jpg.60/
61	DSC_0022.jpg	https://fabricationforum.com/data/attachments/0/61-913dcf368c962279d2ca3b663261af33.jpg	https://fabricationforum.com/attachments/dsc_0022-jpg.61/
62	DSC_0027.jpg	https://fabricationforum.com/data/attachments/0/62-9adc7f74b59b9726be55e448ac1dcf8f.jpg	https://fabricationforum.com/attachments/dsc_0027-jpg.62/
63	DSC_0031-1.jpg	https://fabricationforum.com/data/attachments/0/63-2ba4a083bb65e9f4f530936746130617.jpg	https://fabricationforum.com/attachments/dsc_0031-1-jpg.63/
64	DSC_0040.jpg	https://fabricationforum.com/data/attachments/0/64-8a2128be0efc48bfb4fe3931f7867a47.jpg	https://fabricationforum.com/attachments/dsc_0040-jpg.64/
65	DSC_0006-4.jpg	https://fabricationforum.com/data/attachments/0/65-942bc4d8db705d5366e7a90107501ba7.jpg	https://fabricationforum.com/attachments/dsc_0006-4-jpg.65/
66	DSC_0009-1.jpg	https://fabricationforum.com/data/attachments/0/66-e5eee2f750fb4fdccf7dc57139c13ee1.jpg	https://fabricationforum.com/attachments/dsc_0009-1-jpg.66/
67	DSC_0016-1.jpg	https://fabricationforum.com/data/attachments/0/67-12fe5c1f2a2a32efcf773d073473ca32.jpg	https://fabricationforum.com/attachments/dsc_0016-1-jpg.67/
68	DSC_0023-1.jpg	https://fabricationforum.com/data/attachments/0/68-f047b5594689aee290025c9edf87ecad.jpg	https://fabricationforum.com/attachments/dsc_0023-1-jpg.68/
69	DSC_0024-1.jpg	https://fabricationforum.com/data/attachments/0/69-7dd9add16581cffa8aeb20e1fa7e5917.jpg	https://fabricationforum.com/attachments/dsc_0024-1-jpg.69/
70	DSC_0003.jpg	https://fabricationforum.com/data/attachments/0/70-a43657dda12f3ebb779e45e627f425fa.jpg	https://fabricationforum.com/attachments/dsc_0003-jpg.70/
71	DSC_0007-4.jpg	https://fabricationforum.com/data/attachments/0/71-8fe1e174ad62029fcb13f7e9365a17c0.jpg	https://fabricationforum.com/attachments/dsc_0007-4-jpg.71/
72	DSC_0010-1.jpg	https://fabricationforum.com/data/attachments/0/72-59da7d115310ea77397ed60b7845df9b.jpg	https://fabricationforum.com/attachments/dsc_0010-1-jpg.72/
73	DSC_0012.jpg	https://fabricationforum.com/data/attachments/0/73-638ee14a7a5187a897ca5d9590643779.jpg	https://fabricationforum.com/attachments/dsc_0012-jpg.73/
74	DSC_0016-2.jpg	https://fabricationforum.com/data/attachments/0/74-f9c819304f8d8deaaf343376ad02fbc5.jpg	https://fabricationforum.com/attachments/dsc_0016-2-jpg.74/
75	DSC_0020.jpg	https://fabricationforum.com/data/attachments/0/75-d1c5480129cb0c5a058b284823c5c754.jpg	https://fabricationforum.com/attachments/dsc_0020-jpg.75/
76	DSC_0023-2.jpg	https://fabricationforum.com/data/attachments/0/76-be793aa4fcb01a25c068c9a1c6d9eb0a.jpg	https://fabricationforum.com/attachments/dsc_0023-2-jpg.76/
77	DSC_0026-1.jpg	https://fabricationforum.com/data/attachments/0/77-d4be628e8846914568e56cde5c24f4b8.jpg	https://fabricationforum.com/attachments/dsc_0026-1-jpg.77/
78	DSC_0031-2.jpg	https://fabricationforum.com/data/attachments/0/78-d92effaa77460dd3904c5876129773ae.jpg	https://fabricationforum.com/attachments/dsc_0031-2-jpg.78/
79	DSC_0032.jpg	https://fabricationforum.com/data/attachments/0/79-13f14c88c490fb18f8a6c7c9e622bf7f.jpg	https://fabricationforum.com/attachments/dsc_0032-jpg.79/
80	Around shop 050.jpg	https://fabricationforum.com/data/attachments/0/80-b917278a3d350e9fc650f51637bfb8ef.jpg	https://fabricationforum.com/attachments/around shop 050-jpg.80/
81	Around shop 051.jpg	https://fabricationforum.com/data/attachments/0/81-4f27c610fb8bd2bafa646d7e1723a282.jpg	https://fabricationforum.com/attachments/around shop 051-jpg.81/
82	Around shop 052.jpg	https://fabricationforum.com/data/attachments/0/82-e78787272d41b441eda702a4c9682c44.jpg	https://fabricationforum.com/attachments/around shop 052-jpg.82/
83	Around shop 054.jpg	https://fabricationforum.com/data/attachments/0/83-ebe77dbf3ac098bd7bf3917de3f44316.jpg	https://fabricationforum.com/attachments/around shop 054-jpg.83/
84	Around shop 055.jpg	https://fabricationforum.com/data/attachments/0/84-38c3206ec95dc2ae7cbdbf6fc7bb1ab2.jpg	https://fabricationforum.com/attachments/around shop 055-jpg.84/
85	DSC_0008.jpg	https://fabricationforum.com/data/attachments/0/85-82b45fac110aa484bed5b14bc75eebe4.jpg	https://fabricationforum.com/attachments/dsc_0008-jpg.85/
86	DSC_0011.jpg	https://fabricationforum.com/data/attachments/0/86-a6eb71875e89ad8b8cb23a89d95beb6e.jpg	https://fabricationforum.com/attachments/dsc_0011-jpg.86/
87	DSC_0014-1.jpg	https://fabricationforum.com/data/attachments/0/87-44055372a4d90605bfb25fd92f79daab.jpg	https://fabricationforum.com/attachments/dsc_0014-1-jpg.87/
88	DSC_0022-1.jpg	https://fabricationforum.com/data/attachments/0/88-2fbb6ce5e0f30d32405f832532fb7bc7.jpg	https://fabricationforum.com/attachments/dsc_0022-1-jpg.88/
89	DSC_0024-2.jpg	https://fabricationforum.com/data/attachments/0/89-238b75148d75dca56c41db620d5231ce.jpg	https://fabricationforum.com/attachments/dsc_0024-2-jpg.89/
90	DSC_0004-3.jpg	https://fabricationforum.com/data/attachments/0/90-abaab80df9e0622ef19fe3f3ab89122b.jpg	https://fabricationforum.com/attachments/dsc_0004-3-jpg.90/
91	DSC_0006-5.jpg	https://fabricationforum.com/data/attachments/0/91-00fcabc9fda0ccd346ba502913d3872d.jpg	https://fabricationforum.com/attachments/dsc_0006-5-jpg.91/
92	DSC_0009-2.jpg	https://fabricationforum.com/data/attachments/0/92-bc655eba18fe716282b7923d9d7f786d.jpg	https://fabricationforum.com/attachments/dsc_0009-2-jpg.92/
93	DSC_0014-3.jpg	https://fabricationforum.com/data/attachments/0/93-f40b0f1322dd0ae1003b246f564b34d2.jpg	https://fabricationforum.com/attachments/dsc_0014-3-jpg.93/
94	DSC_0029-1.jpg	https://fabricationforum.com/data/attachments/0/94-404dff698190896d329728f91e1e5c81.jpg	https://fabricationforum.com/attachments/dsc_0029-1-jpg.94/
95	DSC_0032-1.jpg	https://fabricationforum.com/data/attachments/0/95-242fdc4d04ffcf91b37e22bcddb43ff7.jpg	https://fabricationforum.com/attachments/dsc_0032-1-jpg.95/
96	DSC_0034-1.jpg	https://fabricationforum.com/data/attachments/0/96-accd2bc069edb0ec2293b6f495422eda.jpg	https://fabricationforum.com/attachments/dsc_0034-1-jpg.96/
97	DSC_0037.jpg	https://fabricationforum.com/data/attachments/0/97-7d9eda42126edb35b33478256fc21b73.jpg	https://fabricationforum.com/attachments/dsc_0037-jpg.97/
98	DSC_0041.jpg	https://fabricationforum.com/data/attachments/0/98-7d6c5a9abf80553a919b172f19ea53f4.jpg	https://fabricationforum.com/attachments/dsc_0041-jpg.98/
99	DSC_0002-2.jpg	https://fabricationforum.com/data/attachments/0/99-33cdedabce94490ee9b2e29242ae6da9.jpg	https://fabricationforum.com/attachments/dsc_0002-2-jpg.99/
100	DSC_0006-6.jpg	https://fabricationforum.com/data/attachments/0/100-97a0b6727a6808fd6ceef0e5b4e088ab.jpg	https://fabricationforum.com/attachments/dsc_0006-6-jpg.100/
101	DSC_0016-5.jpg	https://fabricationforum.com/data/attachments/0/101-7985e917bb94f7834fb9de3b34e74586.jpg	https://fabricationforum.com/attachments/dsc_0016-5-jpg.101/
102	DSC_0030-2.jpg	https://fabricationforum.com/data/attachments/0/102-97d456b0ffb6d64cba41ef72b1c94ef3.jpg	https://fabricationforum.com/attachments/dsc_0030-2-jpg.102/
103	DSC_0032-2.jpg	https://fabricationforum.com/data/attachments/0/103-3a1b8a3303969340f306a620d88257e2.jpg	https://fabricationforum.com/attachments/dsc_0032-2-jpg.103/
104	DSC_0040-2.jpg	https://fabricationforum.com/data/attachments/0/104-c3b6610c0c39e8ef5cb4e2a987ad76ab.jpg	https://fabricationforum.com/attachments/dsc_0040-2-jpg.104/
105	DSC_0043-1.jpg	https://fabricationforum.com/data/attachments/0/105-9f67fceba04f0f0e77eabd50ac639055.jpg	https://fabricationforum.com/attachments/dsc_0043-1-jpg.105/
106	DSC_0048.jpg	https://fabricationforum.com/data/attachments/0/106-1c0523965d6a6ff32bea0c40514037bf.jpg	https://fabricationforum.com/attachments/dsc_0048-jpg.106/
107	DSC_0053.jpg	https://fabricationforum.com/data/attachments/0/107-72ed39214e3995847c241b5755a04305.jpg	https://fabricationforum.com/attachments/dsc_0053-jpg.107/
152	DSC_0017.jpg	https://fabricationforum.com/data/attachments/0/152-33b14103d300215d1649a5b7e728311a.jpg	https://fabricationforum.com/attachments/dsc_0017-jpg.152/
153	DSC_0019-1.jpg	https://fabricationforum.com/data/attachments/0/153-b5a49152ddd7acea798679d34ff322f3.jpg	https://fabricationforum.com/attachments/dsc_0019-1-jpg.153/
154	DSC_0021-1.jpg	https://fabricationforum.com/data/attachments/0/154-9ef303706f98ced7d7ae76f73e017c13.jpg	https://fabricationforum.com/attachments/dsc_0021-1-jpg.154/
155	DSC_0023-3.jpg	https://fabricationforum.com/data/attachments/0/155-3003a1af23f270e0a65d2ae461ec26e8.jpg	https://fabricationforum.com/attachments/dsc_0023-3-jpg.155/
156	DSC_0024-3.jpg	https://fabricationforum.com/data/attachments/0/156-c2651fbaeddce8c80249ccff4070e071.jpg	https://fabricationforum.com/attachments/dsc_0024-3-jpg.156/
157	DSC_0027-2.jpg	https://fabricationforum.com/data/attachments/0/157-24dfab40aabb62079219ca4dd7f1dfbd.jpg	https://fabricationforum.com/attachments/dsc_0027-2-jpg.157/
158	DSC_0030-3.jpg	https://fabricationforum.com/data/attachments/0/158-8d5ca7ae4e5ca40063ae25c0af86d059.jpg	https://fabricationforum.com/attachments/dsc_0030-3-jpg.158/
159	DSC_0032-3.jpg	https://fabricationforum.com/data/attachments/0/159-4cd5dd3f8f241b40b0ce989d94d21907.jpg	https://fabricationforum.com/attachments/dsc_0032-3-jpg.159/
160	DSC_0036.jpg	https://fabricationforum.com/data/attachments/0/160-e79c1140b6784f3bd9bbc452ffe6c0ba.jpg	https://fabricationforum.com/attachments/dsc_0036-jpg.160/
161	DSC_0037-1.jpg	https://fabricationforum.com/data/attachments/0/161-838592e8ff4a7efaedf6fcd74e6a2eb1.jpg	https://fabricationforum.com/attachments/dsc_0037-1-jpg.161/
162	DSC_0007-5.jpg	https://fabricationforum.com/data/attachments/0/162-8723591f7085f5d6ff1186ea2ca6a237.jpg	https://fabricationforum.com/attachments/dsc_0007-5-jpg.162/
163	DSC_0014-4.jpg	https://fabricationforum.com/data/attachments/0/163-636ef928158a25409be8e726cbc221b3.jpg	https://fabricationforum.com/attachments/dsc_0014-4-jpg.163/
164	DSC_0016-6.jpg	https://fabricationforum.com/data/attachments/0/164-a29cdd0f776d71a6eab0264f2e363d4d.jpg	https://fabricationforum.com/attachments/dsc_0016-6-jpg.164/
165	DSC_0020-1.jpg	https://fabricationforum.com/data/attachments/0/165-e8777f3333f1bf2e4d93bc8e73a58f82.jpg	https://fabricationforum.com/attachments/dsc_0020-1-jpg.165/
166	DSC_0021-2.jpg	https://fabricationforum.com/data/attachments/0/166-c085df62c47c8ee2ec77a5f68e72824e.jpg	https://fabricationforum.com/attachments/dsc_0021-2-jpg.166/
167	DSC_0024-4.jpg	https://fabricationforum.com/data/attachments/0/167-5a87aab066ba4e203cb99dee2d885259.jpg	https://fabricationforum.com/attachments/dsc_0024-4-jpg.167/
168	DSC_0031-3.jpg	https://fabricationforum.com/data/attachments/0/168-b90aedcdfa31ad56a8392bad82eac578.jpg	https://fabricationforum.com/attachments/dsc_0031-3-jpg.168/
169	DSC_0035-1.jpg	https://fabricationforum.com/data/attachments/0/169-eefa685ef322bf48a6cd24f847aa6138.jpg	https://fabricationforum.com/attachments/dsc_0035-1-jpg.169/
170	DSC_0041-1.jpg	https://fabricationforum.com/data/attachments/0/170-899f8dbdb0f70d3387fb0e51a17f78f7.jpg	https://fabricationforum.com/attachments/dsc_0041-1-jpg.170/
171	DSC_0045-1.jpg	https://fabricationforum.com/data/attachments/0/171-635d287758f0e7964ed764189709cba3.jpg	https://fabricationforum.com/attachments/dsc_0045-1-jpg.171/
172	DSC_0004-4.jpg	https://fabricationforum.com/data/attachments/0/172-de602d945efaf3877a9178d944bf18ba.jpg	https://fabricationforum.com/attachments/dsc_0004-4-jpg.172/
173	DSC_0012-2.jpg	https://fabricationforum.com/data/attachments/0/173-318d118da9f45f53645d9af2323fd03c.jpg	https://fabricationforum.com/attachments/dsc_0012-2-jpg.173/
174	DSC_0015.jpg	https://fabricationforum.com/data/attachments/0/174-70c8288f086a6dfe0a0ee0a57e17f9eb.jpg	https://fabricationforum.com/attachments/dsc_0015-jpg.174/
175	DSC_0018-2.jpg	https://fabricationforum.com/data/attachments/0/175-fe21dd728feb7ecb01ab13e4b0d9be51.jpg	https://fabricationforum.com/attachments/dsc_0018-2-jpg.175/
176	DSC_0020-2.jpg	https://fabricationforum.com/data/attachments/0/176-09c88bb694508dad6b1737685a83e5c3.jpg	https://fabricationforum.com/attachments/dsc_0020-2-jpg.176/
177	DSC_0026-4.jpg	https://fabricationforum.com/data/attachments/0/177-33cbca608e30b093ea86e82523900e6c.jpg	https://fabricationforum.com/attachments/dsc_0026-4-jpg.177/
178	DSC_0027-3.jpg	https://fabricationforum.com/data/attachments/0/178-7f007fea4a48dd2e705a2b27d01d5b22.jpg	https://fabricationforum.com/attachments/dsc_0027-3-jpg.178/
179	DSC_0031-4.jpg	https://fabricationforum.com/data/attachments/0/179-828619d8b68598887ab6f40ed98982c7.jpg	https://fabricationforum.com/attachments/dsc_0031-4-jpg.179/
180	DSC_0033-2.jpg	https://fabricationforum.com/data/attachments/0/180-e7ff065b84ab5e35da889fbe44ab6f5c.jpg	https://fabricationforum.com/attachments/dsc_0033-2-jpg.180/
181	DSC_0037-2.jpg	https://fabricationforum.com/data/attachments/0/181-ece01b78f3ac621abd3e0d6a43e1f30f.jpg	https://fabricationforum.com/attachments/dsc_0037-2-jpg.181/
182	DSC_0003-1.jpg	https://fabricationforum.com/data/attachments/0/182-9c79b79fb803aa97bf3ba6d3aa604828.jpg	https://fabricationforum.com/attachments/dsc_0003-1-jpg.182/
183	DSC_0008-2.jpg	https://fabricationforum.com/data/attachments/0/183-12e36ec017a0fdf33daf3647abd0e927.jpg	https://fabricationforum.com/attachments/dsc_0008-2-jpg.183/
184	DSC_0013-2.jpg	https://fabricationforum.com/data/attachments/0/184-1777f65c08cbec148c679a9011c747d7.jpg	https://fabricationforum.com/attachments/dsc_0013-2-jpg.184/
185	DSC_0025.jpg	https://fabricationforum.com/data/attachments/0/185-95d9a5be9976b6dd0128d0a72557e5dd.jpg	https://fabricationforum.com/attachments/dsc_0025-jpg.185/
186	DSC_0026-5.jpg	https://fabricationforum.com/data/attachments/0/186-30fc20d5ea3876a93782e1ca64840594.jpg	https://fabricationforum.com/attachments/dsc_0026-5-jpg.186/
187	DSC_0027-4.jpg	https://fabricationforum.com/data/attachments/0/187-ce9bf975bcbfd9fe4b75543b9f6f48de.jpg	https://fabricationforum.com/attachments/dsc_0027-4-jpg.187/
188	DSC_0030-4.jpg	https://fabricationforum.com/data/attachments/0/188-f6f907890b04c4887a3d048e75e8d6cc.jpg	https://fabricationforum.com/attachments/dsc_0030-4-jpg.188/
189	DSC_0034-2.jpg	https://fabricationforum.com/data/attachments/0/189-71d2b975d970f1fea5f9f83b1d7b4029.jpg	https://fabricationforum.com/attachments/dsc_0034-2-jpg.189/
190	DSC_0035-2.jpg	https://fabricationforum.com/data/attachments/0/190-8d6d8d3abf6b3efdece1ac1bd2d1544d.jpg	https://fabricationforum.com/attachments/dsc_0035-2-jpg.190/
191	DSC_0040-3.jpg	https://fabricationforum.com/data/attachments/0/191-d9b3266e56a1d350bd8d829e3454b175.jpg	https://fabricationforum.com/attachments/dsc_0040-3-jpg.191/
192	DSC_0041-2.jpg	https://fabricationforum.com/data/attachments/0/192-36188aa12adfd895ce47e15583a85b21.jpg	https://fabricationforum.com/attachments/dsc_0041-2-jpg.192/
193	DSC_0044.jpg	https://fabricationforum.com/data/attachments/0/193-1192e36e44e5bb0ac365c6f212299a43.jpg	https://fabricationforum.com/attachments/dsc_0044-jpg.193/
194	DSC_0053-1.jpg	https://fabricationforum.com/data/attachments/0/194-538d8bf1601c255ee5fc591fe3d0f784.jpg	https://fabricationforum.com/attachments/dsc_0053-1-jpg.194/
195	DSC_0064.jpg	https://fabricationforum.com/data/attachments/0/195-eccf107636f2847f370884a89872999f.jpg	https://fabricationforum.com/attachments/dsc_0064-jpg.195/
196	DSC_0004-5.jpg	https://fabricationforum.com/data/attachments/0/196-792a9a86a23a9ad1fa58380723255e43.jpg	https://fabricationforum.com/attachments/dsc_0004-5-jpg.196/
197	DSC_0007-6.jpg	https://fabricationforum.com/data/attachments/0/197-669b34306f32d29c07eff2fd846bcfba.jpg	https://fabricationforum.com/attachments/dsc_0007-6-jpg.197/
198	DSC_0011-1.jpg	https://fabricationforum.com/data/attachments/0/198-67f2f4df63810f362ec22bdb0b117afd.jpg	https://fabricationforum.com/attachments/dsc_0011-1-jpg.198/
199	DSC_0012-3.jpg	https://fabricationforum.com/data/attachments/0/199-07613472eab427dc0c999a4172a31402.jpg	https://fabricationforum.com/attachments/dsc_0012-3-jpg.199/
200	DSC_0016-7.jpg	https://fabricationforum.com/data/attachments/0/200-1ef7c7024703ec0928a96e7cda1d3bc0.jpg	https://fabricationforum.com/attachments/dsc_0016-7-jpg.200/
201	DSC_0018-3.jpg	https://fabricationforum.com/data/attachments/0/201-0e6c09b2c907ff4c69d19d6681128bd6.jpg	https://fabricationforum.com/attachments/dsc_0018-3-jpg.201/
202	DSC_0025-1.jpg	https://fabricationforum.com/data/attachments/0/202-54e56f81a8baac43ac605f54c032c200.jpg	https://fabricationforum.com/attachments/dsc_0025-1-jpg.202/
203	DSC_0029-2.jpg	https://fabricationforum.com/data/attachments/0/203-9fb7079f3f5ce619ce09519c6fde3231.jpg	https://fabricationforum.com/attachments/dsc_0029-2-jpg.203/
204	DSC_0042.jpg	https://fabricationforum.com/data/attachments/0/204-42c107c213879396417b8737e3841a48.jpg	https://fabricationforum.com/attachments/dsc_0042-jpg.204/
205	DSC_0045-2.jpg	https://fabricationforum.com/data/attachments/0/205-a1e833532cf7e4f50fa33f6b67b437cf.jpg	https://fabricationforum.com/attachments/dsc_0045-2-jpg.205/
206	DSC_0051.jpg	https://fabricationforum.com/data/attachments/0/206-c6f222eab2d41e8f1b5a3a7c7e8f2306.jpg	https://fabricationforum.com/attachments/dsc_0051-jpg.206/
207	DSC_0053-2.jpg	https://fabricationforum.com/data/attachments/0/207-fbd7c2e4a74663c6f4d2bba31bca8269.jpg	https://fabricationforum.com/attachments/dsc_0053-2-jpg.207/
208	DSC_0056.jpg	https://fabricationforum.com/data/attachments/0/208-54e0e15c0b72721a42f6f561e6c942c5.jpg	https://fabricationforum.com/attachments/dsc_0056-jpg.208/
209	DSC_0059.jpg	https://fabricationforum.com/data/attachments/0/209-37f0dccc4694c302a65772e52c953b32.jpg	https://fabricationforum.com/attachments/dsc_0059-jpg.209/
210	DSC_0063.jpg	https://fabricationforum.com/data/attachments/0/210-22c11af1e53e5a59cbb3f8ed4aa9d509.jpg	https://fabricationforum.com/attachments/dsc_0063-jpg.210/
211	DSC_0069.jpg	https://fabricationforum.com/data/attachments/0/211-45d3984ef4c9314284f35e7714b46c20.jpg	https://fabricationforum.com/attachments/dsc_0069-jpg.211/
212	DSC_0008-3.jpg	https://fabricationforum.com/data/attachments/0/212-057184a2e42fd4c6d5ceb136f377d4c3.jpg	https://fabricationforum.com/attachments/dsc_0008-3-jpg.212/
213	DSC_0014-5.jpg	https://fabricationforum.com/data/attachments/0/213-1f25b0c318a19e0322f30c41ca895288.jpg	https://fabricationforum.com/attachments/dsc_0014-5-jpg.213/
214	DSC_0019-2.jpg	https://fabricationforum.com/data/attachments/0/214-2b0a8e43fe22923e7d8e5012d8b837df.jpg	https://fabricationforum.com/attachments/dsc_0019-2-jpg.214/
215	DSC_0025-2.jpg	https://fabricationforum.com/data/attachments/0/215-ad0fd7af2fb684ff98da3b440887a0fd.jpg	https://fabricationforum.com/attachments/dsc_0025-2-jpg.215/
216	DSC_0030-6.jpg	https://fabricationforum.com/data/attachments/0/216-9613a195603359d7a545b8ba2ddd83f4.jpg	https://fabricationforum.com/attachments/dsc_0030-6-jpg.216/
217	DSC_0034-3.jpg	https://fabricationforum.com/data/attachments/0/217-73354f1e4fedb59e1908a3057e7356cc.jpg	https://fabricationforum.com/attachments/dsc_0034-3-jpg.217/
218	DSC_0038-1.jpg	https://fabricationforum.com/data/attachments/0/218-59e51d3233d8dd748f05397d5a798a9e.jpg	https://fabricationforum.com/attachments/dsc_0038-1-jpg.218/
219	DSC_0041-3.jpg	https://fabricationforum.com/data/attachments/0/219-9801dbed74c7d93d032aa84bb31adafe.jpg	https://fabricationforum.com/attachments/dsc_0041-3-jpg.219/
220	DSC_0018-4.jpg	https://fabricationforum.com/data/attachments/0/220-c884be93f6801b9e976c240690fdb136.jpg	https://fabricationforum.com/attachments/dsc_0018-4-jpg.220/
221	DSC_0041-4.jpg	https://fabricationforum.com/data/attachments/0/221-8c2e3088cc3ede4931f6a2bce71a00d5.jpg	https://fabricationforum.com/attachments/dsc_0041-4-jpg.221/
222	DSC_0040-4.jpg	https://fabricationforum.com/data/attachments/0/222-206daf3f5889f321f4334fc131193a83.jpg	https://fabricationforum.com/attachments/dsc_0040-4-jpg.222/
223	DSC_0028.jpg	https://fabricationforum.com/data/attachments/0/223-4750f739486f165b8e035e83c5b36f0f.jpg	https://fabricationforum.com/attachments/dsc_0028-jpg.223/
224	DSC_0030-7.jpg	https://fabricationforum.com/data/attachments/0/224-731a918213794a2e70f9934680b9f564.jpg	https://fabricationforum.com/attachments/dsc_0030-7-jpg.224/
225	DSC_0035-3.jpg	https://fabricationforum.com/data/attachments/0/225-b013474691e389449fa95be8d9730fbe.jpg	https://fabricationforum.com/attachments/dsc_0035-3-jpg.225/
226	DSC_0006-7.jpg	https://fabricationforum.com/data/attachments/0/226-1b21a193aabd1ee76a291f9568e7404b.jpg	https://fabricationforum.com/attachments/dsc_0006-7-jpg.226/
227	DSC_0010-3.jpg	https://fabricationforum.com/data/attachments/0/227-cbb384ab3627203fb94785d05a9b24f4.jpg	https://fabricationforum.com/attachments/dsc_0010-3-jpg.227/
228	DSC_0013-3.jpg	https://fabricationforum.com/data/attachments/0/228-06ac97836a2c8f616a3f30dbe4d0076f.jpg	https://fabricationforum.com/attachments/dsc_0013-3-jpg.228/
229	DSC_0018-5.jpg	https://fabricationforum.com/data/attachments/0/229-2cbfd98cf362fb878f89d798e027b205.jpg	https://fabricationforum.com/attachments/dsc_0018-5-jpg.229/
230	DSC_0020-3.jpg	https://fabricationforum.com/data/attachments/0/230-eecf8f23ab0151b41b234e1261fab512.jpg	https://fabricationforum.com/attachments/dsc_0020-3-jpg.230/
231	DSC_0022-2.jpg	https://fabricationforum.com/data/attachments/0/231-2d83b20c244b1b08d3bf86c7e1bdb93a.jpg	https://fabricationforum.com/attachments/dsc_0022-2-jpg.231/
232	DSC_0025-3.jpg	https://fabricationforum.com/data/attachments/0/232-114971ed0579821bfd857a02ae64810f.jpg	https://fabricationforum.com/attachments/dsc_0025-3-jpg.232/
233	DSC_0032-4.jpg	https://fabricationforum.com/data/attachments/0/233-7ca11009bef42ac94b4130bb01747421.jpg	https://fabricationforum.com/attachments/dsc_0032-4-jpg.233/
234	DSC_0002-3.jpg	https://fabricationforum.com/data/attachments/0/234-c46cdb583c09c2ed9c2246ae39910d37.jpg	https://fabricationforum.com/attachments/dsc_0002-3-jpg.234/
235	DSC_0005-3.jpg	https://fabricationforum.com/data/attachments/0/235-ed7f2748afb7291ba047407fc7a84222.jpg	https://fabricationforum.com/attachments/dsc_0005-3-jpg.235/
236	DSC_0007-7.jpg	https://fabricationforum.com/data/attachments/0/236-39d2a000606b2294a2c4861ec81b66c0.jpg	https://fabricationforum.com/attachments/dsc_0007-7-jpg.236/
237	DSC_0009-3.jpg	https://fabricationforum.com/data/attachments/0/237-7f03f1fc65e03f279b7d8e130ce37bef.jpg	https://fabricationforum.com/attachments/dsc_0009-3-jpg.237/
238	DSC_0011-2.jpg	https://fabricationforum.com/data/attachments/0/238-49c4c0f78928d8de39b404db799de4e8.jpg	https://fabricationforum.com/attachments/dsc_0011-2-jpg.238/
239	DSC_0013-4.jpg	https://fabricationforum.com/data/attachments/0/239-b6eee98255c439a01ce0302f8fe7606d.jpg	https://fabricationforum.com/attachments/dsc_0013-4-jpg.239/
240	DSC_0015-1.jpg	https://fabricationforum.com/data/attachments/0/240-ee2b604f14827e84c3ae3174246aa942.jpg	https://fabricationforum.com/attachments/dsc_0015-1-jpg.240/
241	DSC_0018-6.jpg	https://fabricationforum.com/data/attachments/0/241-d76faafa83a945d4aab45849f1f4fd22.jpg	https://fabricationforum.com/attachments/dsc_0018-6-jpg.241/
242	DSC_0019-3.jpg	https://fabricationforum.com/data/attachments/0/242-8585a0f1e0568d1c27b27d186778d03e.jpg	https://fabricationforum.com/attachments/dsc_0019-3-jpg.242/
243	DSC_0023-4.jpg	https://fabricationforum.com/data/attachments/0/243-a56f3c828dd10632a6aa48548699bf42.jpg	https://fabricationforum.com/attachments/dsc_0023-4-jpg.243/
244	DSC_0026-6.jpg	https://fabricationforum.com/data/attachments/0/244-311c51cfaae15f8bcdb92f30bf03c030.jpg	https://fabricationforum.com/attachments/dsc_0026-6-jpg.244/
245	DSC_0028-1.jpg	https://fabricationforum.com/data/attachments/0/245-09ee0994ff1991142cf8bb5a2f2088e4.jpg	https://fabricationforum.com/attachments/dsc_0028-1-jpg.245/
246	DSC_0031-5.jpg	https://fabricationforum.com/data/attachments/0/246-bed3b372cc30998b63d0d96abf65b270.jpg	https://fabricationforum.com/attachments/dsc_0031-5-jpg.246/
247	DSC_0034-4.jpg	https://fabricationforum.com/data/attachments/0/247-2fe2c83219da756f15510722e347d2e2.jpg	https://fabricationforum.com/attachments/dsc_0034-4-jpg.247/
248	DSC_0007.jpg	https://fabricationforum.com/data/attachments/0/248-1fb41dc813ba3b3d79d080d65521bf66.jpg	https://fabricationforum.com/attachments/dsc_0007-jpg.248/
249	DSC_0008-4.jpg	https://fabricationforum.com/data/attachments/0/249-fbc02f32e0bebb98629813c3104c9c10.jpg	https://fabricationforum.com/attachments/dsc_0008-4-jpg.249/
250	DSC_0011-3.jpg	https://fabricationforum.com/data/attachments/0/250-966569eb78bf78a02d677689a0ef048e.jpg	https://fabricationforum.com/attachments/dsc_0011-3-jpg.250/
251	DSC_0015-2.jpg	https://fabricationforum.com/data/attachments/0/251-7776f6533fee08c08c06faff27e6914e.jpg	https://fabricationforum.com/attachments/dsc_0015-2-jpg.251/
252	DSC_0023-5.jpg	https://fabricationforum.com/data/attachments/0/252-38bd0a5e99fdc15b8c5999ca7753074d.jpg	https://fabricationforum.com/attachments/dsc_0023-5-jpg.252/
253	DSC_0026-7.jpg	https://fabricationforum.com/data/attachments/0/253-8bd3a559cae0004838b396a387b2fff0.jpg	https://fabricationforum.com/attachments/dsc_0026-7-jpg.253/
254	DSC_0028-2.jpg	https://fabricationforum.com/data/attachments/0/254-b9e7a8ff609ec77213d27fddf559273d.jpg	https://fabricationforum.com/attachments/dsc_0028-2-jpg.254/
255	DSC_0031-6.jpg	https://fabricationforum.com/data/attachments/0/255-de6ce3e4295dcefa49c37adeeb97b286.jpg	https://fabricationforum.com/attachments/dsc_0031-6-jpg.255/
256	DSC_0034-5.jpg	https://fabricationforum.com/data/attachments/0/256-dba5b9fb5f1ac455632e88144cc234ea.jpg	https://fabricationforum.com/attachments/dsc_0034-5-jpg.256/
257	DSC_0038-2.jpg	https://fabricationforum.com/data/attachments/0/257-51537ef6f505df4a6d5f3c5d1b0c15e4.jpg	https://fabricationforum.com/attachments/dsc_0038-2-jpg.257/
258	DSC_0015-3.jpg	https://fabricationforum.com/data/attachments/0/258-6561bc4221068a71db1f426486eed9c7.jpg	https://fabricationforum.com/attachments/dsc_0015-3-jpg.258/
259	DSC_0016-8.jpg	https://fabricationforum.com/data/attachments/0/259-558d4b08022cf491c113e9587d6d3cb0.jpg	https://fabricationforum.com/attachments/dsc_0016-8-jpg.259/
260	DSC_0022-3.jpg	https://fabricationforum.com/data/attachments/0/260-57ae74a44c86134f48d7446089d10e68.jpg	https://fabricationforum.com/attachments/dsc_0022-3-jpg.260/
261	DSC_0032-5.jpg	https://fabricationforum.com/data/attachments/0/261-843887bd34989cafb29f16eefc627bb4.jpg	https://fabricationforum.com/attachments/dsc_0032-5-jpg.261/
262	DSC_0038-3.jpg	https://fabricationforum.com/data/attachments/0/262-e527326ee7120fde6472fcc328f47040.jpg	https://fabricationforum.com/attachments/dsc_0038-3-jpg.262/
263	DSC_0040-5.jpg	https://fabricationforum.com/data/attachments/0/263-acfce63b1928ac13606646a5caee536e.jpg	https://fabricationforum.com/attachments/dsc_0040-5-jpg.263/
264	DSC_0043-2.jpg	https://fabricationforum.com/data/attachments/0/264-7b61b052e6223f5465676300f4caf504.jpg	https://fabricationforum.com/attachments/dsc_0043-2-jpg.264/
265	DSC_0046.jpg	https://fabricationforum.com/data/attachments/0/265-c01786f03ab577fcff7d5758ac0291e7.jpg	https://fabricationforum.com/attachments/dsc_0046-jpg.265/
266	266.jpg	https://fabricationforum.com/data/attachments/0/266-a09e5124f13b38871639193cb9b1c602.jpg	https://fabricationforum.com/attachments/266-jpg.266/
267	101_0250-R.jpg	https://fabricationforum.com/data/attachments/0/267-76e77c3426e32438d4c0668f25c8169e.jpg	https://fabricationforum.com/attachments/101_0250-r-jpg.267/
268	101_0258-R.jpg	https://fabricationforum.com/data/attachments/0/268-bf5d502de6cf205f83f27f55d919a480.jpg	https://fabricationforum.com/attachments/101_0258-r-jpg.268/
269	101_0262-R.jpg	https://fabricationforum.com/data/attachments/0/269-4a160b23fb48fdaa21ca624ac84371d3.jpg	https://fabricationforum.com/attachments/101_0262-r-jpg.269/
270	101_0263-R.jpg	https://fabricationforum.com/data/attachments/0/270-24ee7522dd508d67e2e460734f25ad26.jpg	https://fabricationforum.com/attachments/101_0263-r-jpg.270/
271	101_0271-R.jpg	https://fabricationforum.com/data/attachments/0/271-07d44251adbc3802f5f7e6965804f958.jpg	https://fabricationforum.com/attachments/101_0271-r-jpg.271/
272	101_0273-R.jpg	https://fabricationforum.com/data/attachments/0/272-404e96f39513d34b1db23e150b8b1ed8.jpg	https://fabricationforum.com/attachments/101_0273-r-jpg.272/
273	101_0274-R.jpg	https://fabricationforum.com/data/attachments/0/273-9749be01480fa76f83855d7741d82720.jpg	https://fabricationforum.com/attachments/101_0274-r-jpg.273/
274	101_0275-R.jpg	https://fabricationforum.com/data/attachments/0/274-36bec345317166ecdc2539f73eee848f.jpg	https://fabricationforum.com/attachments/101_0275-r-jpg.274/
275	101_0278-R.jpg	https://fabricationforum.com/data/attachments/0/275-c0981da95644a6ace36f512bcb2994ea.jpg	https://fabricationforum.com/attachments/101_0278-r-jpg.275/
276	101_0280-R.jpg	https://fabricationforum.com/data/attachments/0/276-2a1b4aac2f353a87b5914133f4e59009.jpg	https://fabricationforum.com/attachments/101_0280-r-jpg.276/
277	101_0288-R.jpg	https://fabricationforum.com/data/attachments/0/277-32ac48a878f4c65a2389b56a0287e913.jpg	https://fabricationforum.com/attachments/101_0288-r-jpg.277/
278	101_0297-R.jpg	https://fabricationforum.com/data/attachments/0/278-c9969cc6dc1d82bab426daf1dc677a35.jpg	https://fabricationforum.com/attachments/101_0297-r-jpg.278/
279	101_0299-R.jpg	https://fabricationforum.com/data/attachments/0/279-f71ac5463509b8775240f94e6bad66dc.jpg	https://fabricationforum.com/attachments/101_0299-r-jpg.279/
280	101_0307-R.jpg	https://fabricationforum.com/data/attachments/0/280-3a53ffa3ea59f69a06f371ef80486b73.jpg	https://fabricationforum.com/attachments/101_0307-r-jpg.280/
281	101_0333-R.jpg	https://fabricationforum.com/data/attachments/0/281-35076465ffe74c445c1a8f2bf3cb8f55.jpg	https://fabricationforum.com/attachments/101_0333-r-jpg.281/
282	101_0334-R.jpg	https://fabricationforum.com/data/attachments/0/282-2b90500c708d40119619b40caf6e0642.jpg	https://fabricationforum.com/attachments/101_0334-r-jpg.282/
283	101_0336-R.jpg	https://fabricationforum.com/data/attachments/0/283-99ff7e22fe807692926b57173965c31c.jpg	https://fabricationforum.com/attachments/101_0336-r-jpg.283/
284	101_0337-R.jpg	https://fabricationforum.com/data/attachments/0/284-25c3c92dc97437b53e89720771c19002.jpg	https://fabricationforum.com/attachments/101_0337-r-jpg.284/
285	101_0339-R.jpg	https://fabricationforum.com/data/attachments/0/285-f9d201c0eca15df2377c78016a6aa7ba.jpg	https://fabricationforum.com/attachments/101_0339-r-jpg.285/
286	101_0345-R.jpg	https://fabricationforum.com/data/attachments/0/286-154e448c8ed017bcede5ad78fa4c6daa.jpg	https://fabricationforum.com/attachments/101_0345-r-jpg.286/
287	101_0316-R.jpg	https://fabricationforum.com/data/attachments/0/287-f8cd74ce8e09d6cc4b396275139d0cc0.jpg	https://fabricationforum.com/attachments/101_0316-r-jpg.287/
288	101_0321-R.jpg	https://fabricationforum.com/data/attachments/0/288-bfa4672710c882e0748777081d5677e4.jpg	https://fabricationforum.com/attachments/101_0321-r-jpg.288/
289	101_0322-R.jpg	https://fabricationforum.com/data/attachments/0/289-6bfd462547e9c96334385c327d089558.jpg	https://fabricationforum.com/attachments/101_0322-r-jpg.289/
290	101_0325-R.jpg	https://fabricationforum.com/data/attachments/0/290-17410e793588205c7b0d16ff87ac2a53.jpg	https://fabricationforum.com/attachments/101_0325-r-jpg.290/
291	101_0328-R.jpg	https://fabricationforum.com/data/attachments/0/291-658d29f7b417db124ab2209adc75ade5.jpg	https://fabricationforum.com/attachments/101_0328-r-jpg.291/
292	101_0355-R.jpg	https://fabricationforum.com/data/attachments/0/292-b709dd1ea861cbcc6b725bc8936ed4c7.jpg	https://fabricationforum.com/attachments/101_0355-r-jpg.292/
293	101_0370-R.jpg	https://fabricationforum.com/data/attachments/0/293-3f6d4e6afb926f87fbd54790ab8afb35.jpg	https://fabricationforum.com/attachments/101_0370-r-jpg.293/
294	101_0373-R.jpg	https://fabricationforum.com/data/attachments/0/294-95b77a5c1a6c643bd4d574c5db10759b.jpg	https://fabricationforum.com/attachments/101_0373-r-jpg.294/
295	101_0380-R.jpg	https://fabricationforum.com/data/attachments/0/295-a6058c996c6ef55fc9a32f26184ae6b9.jpg	https://fabricationforum.com/attachments/101_0380-r-jpg.295/
296	101_0385-R.jpg	https://fabricationforum.com/data/attachments/0/296-8c614eaaeef15d29c0c76710bb30dd8d.jpg	https://fabricationforum.com/attachments/101_0385-r-jpg.296/
297	297.jpg	https://fabricationforum.com/data/attachments/0/297-95b77a5c1a6c643bd4d574c5db10759b.jpg	https://fabricationforum.com/attachments/297-jpg.297/
298	298.jpg	https://fabricationforum.com/data/attachments/0/298-a6058c996c6ef55fc9a32f26184ae6b9.jpg	https://fabricationforum.com/attachments/298-jpg.298/
299	299.jpg	https://fabricationforum.com/data/attachments/0/299-8c614eaaeef15d29c0c76710bb30dd8d.jpg	https://fabricationforum.com/attachments/299-jpg.299/
300	1 (1).jpg	https://fabricationforum.com/data/attachments/0/300-e72c77cca9713a3f7aaccd196594cf33.jpg	https://fabricationforum.com/attachments/1 (1)-jpg.300/
301	2.jpg	https://fabricationforum.com/data/attachments/0/301-487ae52851c53c77c54b2f5127e31eeb.jpg	https://fabricationforum.com/attachments/2-jpg.301/
302	3..jpg	https://fabricationforum.com/data/attachments/0/302-69bb2fc32fe4fb27d0134837f21fd99b.jpg	https://fabricationforum.com/attachments/3.-jpg.302/
303	dsc_0015-4.jpg	https://fabricationforum.com/data/attachments/0/303-4dad3e5f789ba1be1cc2f0361e8032e0.jpg	https://fabricationforum.com/attachments/dsc_0015-4-jpg.303/
304	DSC_0026-8.jpg	https://fabricationforum.com/data/attachments/0/304-605b1f2f491b3800eb860b8260efab5b.jpg	https://fabricationforum.com/attachments/dsc_0026-8-jpg.304/
305	DSC_0030-8.jpg	https://fabricationforum.com/data/attachments/0/305-8a300b9dcb4ecf3f072787cd0d76eebc.jpg	https://fabricationforum.com/attachments/dsc_0030-8-jpg.305/
306	DSC_0034-6.jpg	https://fabricationforum.com/data/attachments/0/306-5c7f4c07aafd4fa71acce18efdb47de5.jpg	https://fabricationforum.com/attachments/dsc_0034-6-jpg.306/
307	DSC_0036-1.jpg	https://fabricationforum.com/data/attachments/0/307-8be58b208df9f15da504ecf17ff12604.jpg	https://fabricationforum.com/attachments/dsc_0036-1-jpg.307/
308	DSC_0041-6.jpg	https://fabricationforum.com/data/attachments/0/308-516870a99daefbf03c13ebf62dbd8b91.jpg	https://fabricationforum.com/attachments/dsc_0041-6-jpg.308/
309	DSC_0044-1.jpg	https://fabricationforum.com/data/attachments/0/309-0a8f88ffa1bd44e933eb247b7c208f4e.jpg	https://fabricationforum.com/attachments/dsc_0044-1-jpg.309/
310	DSC_0049.jpg	https://fabricationforum.com/data/attachments/0/310-382e571e9d67ac86d90bed923a8c5bc5.jpg	https://fabricationforum.com/attachments/dsc_0049-jpg.310/
311	DSC_0053-3.jpg	https://fabricationforum.com/data/attachments/0/311-cc1b0113aff605c5a4d522550eb75ab8.jpg	https://fabricationforum.com/attachments/dsc_0053-3-jpg.311/
312	DSC_0054.jpg	https://fabricationforum.com/data/attachments/0/312-16d3b809a3747eab04ea01d256085305.jpg	https://fabricationforum.com/attachments/dsc_0054-jpg.312/
313	DSC_0059-1.jpg	https://fabricationforum.com/data/attachments/0/313-d8d1e3a30d6b487f22ae7914515fb598.jpg	https://fabricationforum.com/attachments/dsc_0059-1-jpg.313/
314	DSC_0063-1.jpg	https://fabricationforum.com/data/attachments/0/314-e06cab61f337ec4009fc3a808da8dfcf.jpg	https://fabricationforum.com/attachments/dsc_0063-1-jpg.314/
315	DSC_0065.jpg	https://fabricationforum.com/data/attachments/0/315-d65f36ada4fd353e3c123174c5a33903.jpg	https://fabricationforum.com/attachments/dsc_0065-jpg.315/
316	DSC_0069-1.jpg	https://fabricationforum.com/data/attachments/0/316-ed066afa3875189e490dcd20aae86d97.jpg	https://fabricationforum.com/attachments/dsc_0069-1-jpg.316/
317	DSC_0074.jpg	https://fabricationforum.com/data/attachments/0/317-87457ca2e2a70f3331185f80bd06637c.jpg	https://fabricationforum.com/attachments/dsc_0074-jpg.317/
318	DSC_0076.jpg	https://fabricationforum.com/data/attachments/0/318-dd706de9ad7550dbc25cac66ba625c81.jpg	https://fabricationforum.com/attachments/dsc_0076-jpg.318/
319	DSC_0081.jpg	https://fabricationforum.com/data/attachments/0/319-dda7b9f8cf8cf1c48b3c56ee0ce0543a.jpg	https://fabricationforum.com/attachments/dsc_0081-jpg.319/
320	DSC_0004-7.jpg	https://fabricationforum.com/data/attachments/0/320-3acfbd791608f31b6c0fd98eabf56d03.jpg	https://fabricationforum.com/attachments/dsc_0004-7-jpg.320/
321	DSC_0007-8.jpg	https://fabricationforum.com/data/attachments/0/321-6716911450c464c5e02a4b077051ab45.jpg	https://fabricationforum.com/attachments/dsc_0007-8-jpg.321/
322	DSC_0013-5.jpg	https://fabricationforum.com/data/attachments/0/322-4df083e238991b87bdb9a015fd141cd2.jpg	https://fabricationforum.com/attachments/dsc_0013-5-jpg.322/
323	DSC_0021-4.jpg	https://fabricationforum.com/data/attachments/0/323-ac3de5df42a59b93e96881873af03d90.jpg	https://fabricationforum.com/attachments/dsc_0021-4-jpg.323/
324	DSC_0024-5.jpg	https://fabricationforum.com/data/attachments/0/324-5889cf25b14de30592ee73b3e2e4506c.jpg	https://fabricationforum.com/attachments/dsc_0024-5-jpg.324/
325	DSC_0028-3.jpg	https://fabricationforum.com/data/attachments/0/325-13ca147dc1236fea3b9050c4e484b895.jpg	https://fabricationforum.com/attachments/dsc_0028-3-jpg.325/
326	DSC_0033-3.jpg	https://fabricationforum.com/data/attachments/0/326-57d91a230316fc2e48124241793f9ecc.jpg	https://fabricationforum.com/attachments/dsc_0033-3-jpg.326/
327	DSC_0035-4.jpg	https://fabricationforum.com/data/attachments/0/327-43356c7a02e2e00a4889e12a60af5a51.jpg	https://fabricationforum.com/attachments/dsc_0035-4-jpg.327/
328	DSC_0037-3.jpg	https://fabricationforum.com/data/attachments/0/328-a05a5ef04a6268d43f34ca418a891ab9.jpg	https://fabricationforum.com/attachments/dsc_0037-3-jpg.328/
329	DSC_0042-1.jpg	https://fabricationforum.com/data/attachments/0/329-36fa05e61a4b22f19f2440ce5a07bcf1.jpg	https://fabricationforum.com/attachments/dsc_0042-1-jpg.329/
330	DSC_0045-3.jpg	https://fabricationforum.com/data/attachments/0/330-446f9d6aa6217f8bfe96fb160543a691.jpg	https://fabricationforum.com/attachments/dsc_0045-3-jpg.330/
331	DSC_0048-2.jpg	https://fabricationforum.com/data/attachments/0/331-96838b2c4aed78d0ebda44ab74c7f65e.jpg	https://fabricationforum.com/attachments/dsc_0048-2-jpg.331/
332	DSC_0056-1.jpg	https://fabricationforum.com/data/attachments/0/332-4892e29a6074e3b81cfd10be832c3aae.jpg	https://fabricationforum.com/attachments/dsc_0056-1-jpg.332/
333	1187161466_Q5pwP-XL.jpg	https://fabricationforum.com/data/attachments/0/333-df3467921143befa48dc66e73bab36c9.jpg	https://fabricationforum.com/attachments/1187161466_q5pwp-xl-jpg.333/
334	DSC_0024-6.jpg	https://fabricationforum.com/data/attachments/0/334-8d00653327cdede988e3bc22ec51622f.jpg	https://fabricationforum.com/attachments/dsc_0024-6-jpg.334/
335	DSC_0026-9.jpg	https://fabricationforum.com/data/attachments/0/335-bc3f42f995677a1a28a27f2377b99d6d.jpg	https://fabricationforum.com/attachments/dsc_0026-9-jpg.335/
336	DSC_0030-9.jpg	https://fabricationforum.com/data/attachments/0/336-240da72b851bc1ba91be536a01a9d901.jpg	https://fabricationforum.com/attachments/dsc_0030-9-jpg.336/
337	DSC_0033-4.jpg	https://fabricationforum.com/data/attachments/0/337-901069c9a4c1080fe913433cdb5cb8a5.jpg	https://fabricationforum.com/attachments/dsc_0033-4-jpg.337/
338	DSC_0041-7.jpg	https://fabricationforum.com/data/attachments/0/338-1c755ffae8fbc8b1e1f4dc0966ad3507.jpg	https://fabricationforum.com/attachments/dsc_0041-7-jpg.338/
339	DSC_0043-3.jpg	https://fabricationforum.com/data/attachments/0/339-b1a619fd9423673a12e90d28ef8d709e.jpg	https://fabricationforum.com/attachments/dsc_0043-3-jpg.339/
340	DSC_0047.jpg	https://fabricationforum.com/data/attachments/0/340-fb16af68075b3d125de4469766bc5dc8.jpg	https://fabricationforum.com/attachments/dsc_0047-jpg.340/
341	DSC_0050.jpg	https://fabricationforum.com/data/attachments/0/341-4d19f6268d53307ce7b3ea7ff23d0779.jpg	https://fabricationforum.com/attachments/dsc_0050-jpg.341/
342	DSC_0053-4.jpg	https://fabricationforum.com/data/attachments/0/342-23e4dc221aea443f1e7ff38f6972e6c8.jpg	https://fabricationforum.com/attachments/dsc_0053-4-jpg.342/
343	m_DSC00602.jpg	https://fabricationforum.com/data/attachments/0/343-c4b4396c3960552ce41ad97b8a076be2.jpg	https://fabricationforum.com/attachments/m_dsc00602-jpg.343/
344	DSC_0056-2.jpg	https://fabricationforum.com/data/attachments/0/344-9ffb5a856aa5c45e6e41588097a38a15.jpg	https://fabricationforum.com/attachments/dsc_0056-2-jpg.344/
345	DSC_0059-2.jpg	https://fabricationforum.com/data/attachments/0/345-e3376c5bae77322902dbf6d21b7f0709.jpg	https://fabricationforum.com/attachments/dsc_0059-2-jpg.345/
346	DSC_00561.jpg	https://fabricationforum.com/data/attachments/0/346-c4a6f5024c54b01a4a473677e0697947.jpg	https://fabricationforum.com/attachments/dsc_00561-jpg.346/
347	ImageUploadedByTapatalk1298821388.116199.jpg	https://fabricationforum.com/data/attachments/0/347-0cebebd9933ec89d9d726d7c1b138ea2.jpg	https://fabricationforum.com/attachments/imageuploadedbytapatalk1298821388.116199-jpg.347/
348	ImageUploadedByTapatalk1298821410.132289.jpg	https://fabricationforum.com/data/attachments/0/348-b1cd0a45773d66894eaca3d461bd1b00.jpg	https://fabricationforum.com/attachments/imageuploadedbytapatalk1298821410.132289-jpg.348/
349	ImageUploadedByTapatalk1298821442.529662.jpg	https://fabricationforum.com/data/attachments/0/349-dab3d1fc144557d5c23e72a601755951.jpg	https://fabricationforum.com/attachments/imageuploadedbytapatalk1298821442.529662-jpg.349/
350	ImageUploadedByTapatalk1298821466.196741.jpg	https://fabricationforum.com/data/attachments/0/350-7101fc1922e9faea73a331f1d271bb9f.jpg	https://fabricationforum.com/attachments/imageuploadedbytapatalk1298821466.196741-jpg.350/
351	ImageUploadedByTapatalk1298821487.980916.jpg	https://fabricationforum.com/data/attachments/0/351-82761f0971227d267b6ccd5cbbd345e8.jpg	https://fabricationforum.com/attachments/imageuploadedbytapatalk1298821487.980916-jpg.351/
352	dsc_0011-4.jpg	https://fabricationforum.com/data/attachments/0/352-f5d1cbb5fa1f367bd72d0fc5428b98ab.jpg	https://fabricationforum.com/attachments/dsc_0011-4-jpg.352/
353	DSC_0014-6.jpg	https://fabricationforum.com/data/attachments/0/353-77adb323ff1269cbd763e2fb02728637.jpg	https://fabricationforum.com/attachments/dsc_0014-6-jpg.353/
354	DSC_0020-4.jpg	https://fabricationforum.com/data/attachments/0/354-cf49aecc1b52df2afa6b8d3b72f81930.jpg	https://fabricationforum.com/attachments/dsc_0020-4-jpg.354/
355	DSC_0023-6.jpg	https://fabricationforum.com/data/attachments/0/355-9d5f47d6fc5462c7cff806f818228c29.jpg	https://fabricationforum.com/attachments/dsc_0023-6-jpg.355/
356	DSC_0025-4.jpg	https://fabricationforum.com/data/attachments/0/356-e3e878e58479bf5bbbddec4e074e9b01.jpg	https://fabricationforum.com/attachments/dsc_0025-4-jpg.356/
357	DSC_0007-9.jpg	https://fabricationforum.com/data/attachments/0/357-93c86d2008381bdf8ef2654da089fcc3.jpg	https://fabricationforum.com/attachments/dsc_0007-9-jpg.357/
358	DSC_0013-6.jpg	https://fabricationforum.com/data/attachments/0/358-06fc4c6f8619723b47fff1909b892513.jpg	https://fabricationforum.com/attachments/dsc_0013-6-jpg.358/
359	DSC_0014-7.jpg	https://fabricationforum.com/data/attachments/0/359-085e797ceebdf4e1b0334468746f0559.jpg	https://fabricationforum.com/attachments/dsc_0014-7-jpg.359/
360	DSC_0018-7.jpg	https://fabricationforum.com/data/attachments/0/360-f5c760de9269956dbeb18c0ffdd32bc6.jpg	https://fabricationforum.com/attachments/dsc_0018-7-jpg.360/
361	DSC_0023-7.jpg	https://fabricationforum.com/data/attachments/0/361-51146ba286c377796d560f931bff9b16.jpg	https://fabricationforum.com/attachments/dsc_0023-7-jpg.361/
362	DSC_0028.jpg	https://fabricationforum.com/data/attachments/0/362-2be3d81df34fc6a86403ad3ab81ce6c6.jpg	https://fabricationforum.com/attachments/dsc_0028-jpg.362/
363	DSC_0128.jpg	https://fabricationforum.com/data/attachments/0/363-1a600772bab93d84c7dfa76c9998b1ba.jpg	https://fabricationforum.com/attachments/dsc_0128-jpg.363/
364	DSC_0132.jpg	https://fabricationforum.com/data/attachments/0/364-c24386b552712be6956d4336487d3271.jpg	https://fabricationforum.com/attachments/dsc_0132-jpg.364/
365	DSC_0139.jpg	https://fabricationforum.com/data/attachments/0/365-74ce1bf3c7c8c95e2bd94bd6e2771014.jpg	https://fabricationforum.com/attachments/dsc_0139-jpg.365/
366	ethwy.jpg	https://fabricationforum.com/data/attachments/0/366-9aa0f3b88a4d2b9e2df5bc8b94fd281f.jpg	https://fabricationforum.com/attachments/ethwy-jpg.366/
367	dsc_0002.jpg	https://fabricationforum.com/data/attachments/0/367-7240125d84061bfa1edd5e2bbd9ef072.jpg	https://fabricationforum.com/attachments/dsc_0002-jpg.367/
368	dsc_0009.jpg	https://fabricationforum.com/data/attachments/0/368-a3bcc248ebff29d2f0756c5845f21980.jpg	https://fabricationforum.com/attachments/dsc_0009-jpg.368/
369	dsc_0014.jpg	https://fabricationforum.com/data/attachments/0/369-6cf4da05a12a060f5842a233a53eb081.jpg	https://fabricationforum.com/attachments/dsc_0014-jpg.369/
370	dsc_0031.jpg	https://fabricationforum.com/data/attachments/0/370-cca6dc8da2e63e7f0e7008571c0744cc.jpg	https://fabricationforum.com/attachments/dsc_0031-jpg.370/
371	Pikes Peak TTB Wrapped.jpg	https://fabricationforum.com/data/attachments/0/371-0219035e937fe7fc0fd4837ec7581a1f.jpg	https://fabricationforum.com/attachments/pikes peak ttb wrapped-jpg.371/